id,state,stateAbbr,district,winner,winnerParty,demVotes,repVotes,otherVotes,sourceTotalVotes,validCandidateAndWriteInVotes,twoPartyMarginD,allVoteMarginD,geographyChanged2026
AK-AL,Alaska,AK,0,Nick Begich,R,156245,159550,13760,329555,329555,-1.046565,-1.002868,False
AL-01,Alabama,AL,1,Barry Moore,R,70929,258619,306,329854,329854,-56.953767,-56.900932,True
AL-02,Alabama,AL,2,Shomari Figures,D,158041,131414,219,289674,289674,9.199012,9.192057,True
AL-03,Alabama,AL,3,Mike Rogers,R,0,243848,5160,249008,249008,,,True
AL-04,Alabama,AL,4,Robert B. Aderholt,R,0,274498,3374,277872,277872,,,True
AL-05,Alabama,AL,5,Dale W. Strong,R,0,250322,12088,262410,262410,,,True
AL-06,Alabama,AL,6,Gary J. Palmer,R,102504,243741,380,346625,346625,-40.791058,-40.74634,True
AL-07,Alabama,AL,7,Terri A. Sewell,D,186723,106312,185,293220,293220,27.440749,27.423436,True
AR-01,Arkansas,AR,1,"Eric A. \""Rick\"" Crawford",R,64113,194711,8353,267177,267177,-50.458226,-48.880705,False
AR-02,Arkansas,AR,2,J. French Hill,R,125777,180509,0,306286,306286,-17.869573,-17.869573,False
AR-03,Arkansas,AR,3,Steve Womack,R,95652,192101,13331,301084,301084,-33.517982,-32.033917,False
AR-04,Arkansas,AR,4,Bruce Westerman,R,73207,197046,0,270253,270253,-45.823358,-45.823358,False
AZ-01,Arizona,AZ,1,David Schweikert,R,208966,225538,0,434504,434504,-3.814004,-3.814004,False
AZ-02,Arizona,AZ,2,Elijah Crane,R,184985,221413,33,406431,406431,-8.963627,-8.962899,False
AZ-03,Arizona,AZ,3,Yassamin Ansari,D,143336,53705,5024,202065,202065,45.488502,44.357509,False
AZ-04,Arizona,AZ,4,Greg Stanton,D,176428,152052,6065,334545,334545,7.420848,7.286314,False
AZ-05,Arizona,AZ,5,Andy Biggs,R,167680,255628,0,423308,423308,-20.776361,-20.776361,False
AZ-06,Arizona,AZ,6,Juan Ciscomani,R,204774,215596,10850,431220,431220,-2.574399,-2.509624,False
AZ-07,Arizona,AZ,7,Raúl M. Grijalva,D,171954,99057,0,271011,271011,26.89817,26.89817,False
AZ-08,Arizona,AZ,8,"Abraham \""Abe\"" Hamadeh",R,160344,208269,0,368613,368613,-13.001441,-13.001441,False
AZ-09,Arizona,AZ,9,Paul A. Gosar,R,132640,249583,0,382223,382223,-30.59549,-30.59549,False
CA-01,California,CA,1,Doug Lamalfa,R,110636,208592,0,319228,319228,-30.685278,-30.685278,True
CA-02,California,CA,2,Jared Huffman,D,272883,106734,0,379617,379617,43.767534,43.767534,True
CA-03,California,CA,3,Kevin Kiley,R,188067,234246,0,422313,422313,-10.934781,-10.934781,True
CA-04,California,CA,4,Mike Thompson,D,227730,114950,0,342680,342680,32.911171,32.911171,True
CA-05,California,CA,5,Tom Mcclintock,R,140919,227643,0,368562,368562,-23.530369,-23.530369,True
CA-06,California,CA,6,Ami Bera,D,165408,121664,0,287072,287072,15.237989,15.237989,True
CA-07,California,CA,7,Doris O. Matsui,D,197429,98341,0,295770,295770,33.501707,33.501707,True
CA-08,California,CA,8,John Garamendi,D,201962,71068,0,273030,273030,47.941252,47.941252,True
CA-09,California,CA,9,Josh Harder,D,130183,121174,0,251357,251357,3.584145,3.584145,True
CA-10,California,CA,10,Mark Desaulnier,D,242325,122219,0,364544,364544,32.946915,32.946915,True
CA-11,California,CA,11,Nancy Pelosi,D,274796,64315,0,339111,339111,62.068467,62.068467,True
CA-12,California,CA,12,Lateefah Simon,D,283025,0,0,283025,283025,,,True
CA-13,California,CA,13,Adam Gray,D,105554,105367,0,210921,210921,0.088659,0.088659,True
CA-14,California,CA,14,Eric Swalwell,D,187263,89125,0,276388,276388,35.50733,35.50733,True
CA-15,California,CA,15,Kevin Mullin,D,211648,77896,0,289544,289544,46.194015,46.194015,True
CA-16,California,CA,16,Sam Liccardo,D,308476,0,0,308476,308476,,,True
CA-17,California,CA,17,Ro Khanna,D,172462,82415,0,254877,254877,35.32959,35.32959,True
CA-18,California,CA,18,Zoe Lofgren,D,147674,80832,0,228506,228506,29.251748,29.251748,True
CA-19,California,CA,19,Jimmy Panetta,D,252458,111862,0,364320,364320,38.591348,38.591348,True
CA-20,California,CA,20,Vince Fong,R,0,288788,0,288788,288788,,,True
CA-21,California,CA,21,Jim Costa,D,102798,92733,0,195531,195531,5.147521,5.147521,True
CA-22,California,CA,22,David G. Valadao,R,78023,89484,0,167507,167507,-6.842102,-6.842102,True
CA-23,California,CA,23,Jay Obernolte,R,105563,159286,0,264849,264849,-20.284388,-20.284388,True
CA-24,California,CA,24,Salud O. Carbajal,D,214724,127755,0,342479,342479,25.393966,25.393966,True
CA-25,California,CA,25,Raul Ruiz,D,137837,107194,0,245031,245031,12.505765,12.505765,True
CA-26,California,CA,26,Julia Brownley,D,187393,146913,0,334306,334306,12.108667,12.108667,True
CA-27,California,CA,27,George Whitesides,D,154040,146050,0,300090,300090,2.662535,2.662535,True
CA-28,California,CA,28,Judy Chu,D,204489,110455,0,314944,314944,29.857371,29.857371,True
CA-29,California,CA,29,Luz Maria Rivas,D,146312,63374,0,209686,209686,39.553428,39.553428,True
CA-30,California,CA,30,Laura Friedman,D,213100,98559,0,311659,311659,36.752027,36.752027,True
CA-31,California,CA,31,Gil Cisneros,D,148095,99856,0,247951,247951,19.455054,19.455054,True
CA-32,California,CA,32,Brad Sherman,D,212934,108711,0,321645,321645,32.403115,32.403115,True
CA-33,California,CA,33,Pete Aguilar,D,137197,96078,0,233275,233275,17.626835,17.626835,True
CA-34,California,CA,34,Jimmy Gomez,D,189414,0,0,189414,189414,,,True
CA-35,California,CA,35,Norma J. Torres,D,136413,97142,0,233555,233555,16.814455,16.814455,True
CA-36,California,CA,36,Ted Lieu,D,246002,111985,0,357987,357987,37.436276,37.436276,True
CA-37,California,CA,37,Sydney Kamlager-Dove,D,160364,0,44450,204814,204814,,,True
CA-38,California,CA,38,Linda T. Sánchez,D,165110,110818,0,275928,275928,19.676147,19.676147,True
CA-39,California,CA,39,Mark Takano,D,130191,99469,0,229660,229660,13.377166,13.377166,True
CA-40,California,CA,40,Young Kim,R,171637,211998,0,383635,383635,-10.520677,-10.520677,True
CA-41,California,CA,41,Ken Calvert,R,171229,183216,0,354445,354445,-3.381907,-3.381907,True
CA-42,California,CA,42,Robert Garcia,D,159153,74410,0,233563,233563,36.282716,36.282716,True
CA-43,California,CA,43,Maxine Waters,D,160080,53152,0,213232,213232,50.14632,50.14632,True
CA-44,California,CA,44,Nanette Diaz Barragán,D,164765,66087,0,230852,230852,42.745135,42.745135,True
CA-45,California,CA,45,Derek Tran,D,158264,157611,0,315875,315875,0.206727,0.206727,True
CA-46,California,CA,46,J. Luis Correa,D,134013,77279,0,211292,211292,26.850993,26.850993,True
CA-47,California,CA,47,Dave Min,D,181721,171554,0,353275,353275,2.877928,2.877928,True
CA-48,California,CA,48,Darrell Issa,R,146665,213625,0,360290,360290,-18.585029,-18.585029,True
CA-49,California,CA,49,Mike Levin,D,197397,180950,0,378347,378347,4.347068,4.347068,True
CA-50,California,CA,50,Scott H. Peters,D,231836,128859,0,360695,360695,28.549606,28.549606,True
CA-51,California,CA,51,Sara Jacobs,D,198835,128749,0,327584,327584,21.394818,21.394818,True
CA-52,California,CA,52,Juan Vargas,D,172217,87501,0,259718,259718,32.618455,32.618455,True
CO-01,Colorado,CO,1,Diana Degette,D,264694,74598,6443,345735,345735,56.027257,54.983152,False
CO-02,Colorado,CO,2,Joe Neguse,D,284994,120633,11281,416908,416908,40.520232,39.423806,False
CO-03,Colorado,CO,3,Jeff Hurd,R,182147,201951,13455,397553,397553,-5.155976,-4.981474,False
CO-04,Colorado,CO,4,Lauren Boebert,R,188249,240213,19345,447807,447807,-12.12803,-11.604106,False
CO-05,Colorado,CO,5,Jeff Crank,R,147972,197924,16189,362085,362085,-14.441335,-13.795656,False
CO-06,Colorado,CO,6,Jason Crow,D,202686,132174,8861,343721,343721,21.057158,20.514312,False
CO-07,Colorado,CO,7,Brittany Pettersen,D,235688,175273,15005,425966,425966,14.700908,14.183057,False
CO-08,Colorado,CO,8,Gabe Evans,R,160871,163320,9425,333616,333616,-0.755419,-0.734078,False
CT-01,Connecticut,CT,1,John B. Larson,D,197788,115065,17629,330482,330482,26.441492,25.031015,False
CT-02,Connecticut,CT,2,Joe Courtney,D,218162,157878,7,376047,376047,16.031273,16.030975,False
CT-03,Connecticut,CT,3,Rosa L. Delauro,D,193684,130095,5144,328923,328923,19.639631,19.332488,False
CT-04,Connecticut,CT,4,James A. Himes,D,200791,122793,5273,328857,328857,24.104406,23.717908,False
CT-05,Connecticut,CT,5,Jahana Hayes,D,171337,157258,9010,337605,337605,4.284606,4.170258,False
DE-AL,Delaware,DE,0,Sarah Mcbride,D,287830,209606,0,497436,497436,15.72544,15.72544,False
FL-01,Florida,FL,1,Matt Gaetz,R,140980,274108,0,415088,415088,-32.072235,-32.072235,True
FL-02,Florida,FL,2,Neal P. Dunn,R,154323,247957,0,402280,402280,-23.275828,-23.275828,True
FL-03,Florida,FL,3,Kat Cammack,R,150283,241174,0,391457,391457,-23.218642,-23.218642,True
FL-04,Florida,FL,4,Aaron Bean,R,165912,222364,73,388349,388349,-14.539142,-14.536409,True
FL-05,Florida,FL,5,John H. Rutherford,R,156570,267471,23,424064,424064,-26.153367,-26.151949,True
FL-06,Florida,FL,6,Michael Waltz,R,143050,284414,10,427474,427474,-33.070387,-33.069614,True
FL-07,Florida,FL,7,Cory Mills,R,179917,233937,0,413854,413854,-13.052912,-13.052912,True
FL-08,Florida,FL,8,Mike Haridopolos,R,170096,280352,0,450448,450448,-24.476965,-24.476965,True
FL-09,Florida,FL,9,Darren Soto,D,178785,138076,7412,324273,324273,12.847589,12.553928,True
FL-10,Florida,FL,10,Maxwell Frost,D,181455,109460,0,290915,290915,24.747779,24.747779,True
FL-11,Florida,FL,11,Daniel Webster,R,176726,269277,0,446003,446003,-20.751206,-20.751206,True
FL-12,Florida,FL,12,Gus M. Bilirakis,R,124949,306487,0,431436,431436,-42.07762,-42.07762,True
FL-13,Florida,FL,13,Anna Paulina Luna,R,185930,225636,27,411593,411593,-9.647541,-9.646908,True
FL-14,Florida,FL,14,Kathy Castor,D,199423,145643,5119,350185,350185,15.585424,15.357597,True
FL-15,Florida,FL,15,Laurel M. Lee,R,152361,195334,0,347695,347695,-12.359395,-12.359395,True
FL-16,Florida,FL,16,Vern Buchanan,R,168625,247516,0,416141,416141,-18.957757,-18.957757,True
FL-17,Florida,FL,17,W. Gregory Steube,R,164566,291347,8,455921,455921,-27.808156,-27.807668,True
FL-18,Florida,FL,18,Scott Franklin,R,119637,225170,0,344807,344807,-30.606397,-30.606397,True
FL-19,Florida,FL,19,Byron Donalds,R,140038,275708,0,415746,415746,-32.632906,-32.632906,True
FL-20,Florida,FL,20,Sheila Cherfilus-Mccormick,D,,,,,,,,True
FL-21,Florida,FL,21,Brian J. Mast,R,171312,277435,19,448766,448766,-23.648737,-23.647736,True
FL-22,Florida,FL,22,Lois Frankel,D,201608,165248,0,366856,366856,9.911246,9.911246,True
FL-23,Florida,FL,23,Jared Moskowitz,D,196311,178006,0,374317,374317,4.89024,4.89024,True
FL-24,Florida,FL,24,Frederica S. Wilson,D,194874,90692,22,285588,285588,36.482634,36.479824,True
FL-25,Florida,FL,25,Debbie Wasserman Schultz,D,186942,156208,41,343191,343191,8.956433,8.955363,True
FL-26,Florida,FL,26,Mario Diaz-Balart,R,89072,217199,0,306271,306271,-41.834519,-41.834519,True
FL-27,Florida,FL,27,Maria Elvira Salazar,R,130708,199159,0,329867,329867,-20.751091,-20.751091,True
FL-28,Florida,FL,28,Carlos A. Gimenez,R,115280,210057,0,325337,325337,-29.131946,-29.131946,True
GA-01,Georgia,GA,1,"Earl L. \""Buddy\"" Carter",R,135281,220576,0,355857,355857,-23.968898,-23.968898,False
GA-02,Georgia,GA,2,"Sanford D. Bishop, Jr.",D,176028,136473,0,312501,312501,12.657559,12.657559,False
GA-03,Georgia,GA,3,Brian Jack,R,138749,273036,0,411785,411785,-32.61095,-32.61095,False
GA-04,Georgia,GA,4,"Henry C. \""Hank\"" Johnson, Jr.",D,229290,74071,0,303361,303361,51.166432,51.166432,False
GA-05,Georgia,GA,5,Nikema Williams,D,294470,49221,0,343691,343691,71.357411,71.357411,False
GA-06,Georgia,GA,6,Lucy Mcbath,D,277027,93909,0,370936,370936,49.366468,49.366468,False
GA-07,Georgia,GA,7,Richard Mccormick,R,149535,275907,0,425442,425442,-29.703696,-29.703696,False
GA-08,Georgia,GA,8,Austin Scott,R,104434,231547,0,335981,335981,-37.833389,-37.833389,False
GA-09,Georgia,GA,9,Andrew S. Clyde,R,121754,271062,0,392816,392816,-38.009653,-38.009653,False
GA-10,Georgia,GA,10,Mike Collins,R,150274,256442,0,406716,406716,-26.103719,-26.103719,False
GA-11,Georgia,GA,11,Barry Loudermilk,R,131064,269849,0,400913,400913,-34.617236,-34.617236,False
GA-12,Georgia,GA,12,Rick W. Allen,R,135417,205849,0,341266,341266,-20.638446,-20.638446,False
GA-13,Georgia,GA,13,David Scott,D,256902,100730,0,357632,357632,43.668352,43.668352,False
GA-14,Georgia,GA,14,Marjorie Taylor Greene,R,134759,243446,0,378205,378205,-28.737589,-28.737589,False
HI-01,Hawaii,HI,1,Ed Case,D,164237,64373,0,251432,228610,43.683128,43.683128,False
HI-02,Hawaii,HI,2,Jill N. Tokuda,D,166251,75471,8434,270804,250156,37.555539,36.289355,False
IA-01,Iowa,IA,1,Mariannette Miller-Meeks,R,206156,206955,967,414078,414078,-0.19341,-0.192959,False
IA-02,Iowa,IA,2,Ashley Hinson,R,169740,233340,5722,408802,408802,-15.778506,-15.557654,False
IA-03,Iowa,IA,3,Zachary Nunn,R,197962,213746,1197,412905,412905,-3.833785,-3.822671,False
IA-04,Iowa,IA,4,Randy Feenstra,R,122175,250522,1127,373824,373824,-34.437358,-34.333537,False
ID-01,Idaho,ID,1,Russ Fulcher,R,118656,331049,39135,489086,488840,-47.229406,-43.448368,False
ID-02,Idaho,ID,2,Michael K. Simpson,R,126229,250119,51614,428514,427962,-32.919,-28.948832,False
IL-01,Illinois,IL,1,Jonathan L. Jackson,D,208398,108064,45,316507,316507,31.704912,31.700405,False
IL-02,Illinois,IL,2,Robin L. Kelly,D,195777,94004,62,289843,289843,35.12066,35.113147,False
IL-03,Illinois,IL,3,Delia C. Ramirez,D,174825,84987,96,259908,259908,34.57808,34.565308,False
IL-04,Illinois,IL,4,"Jesús G. \""Chuy\"" García",D,139343,56323,10730,206396,206396,42.429446,40.223648,False
IL-05,Illinois,IL,5,Mike Quigley,D,251025,112931,9,363965,363965,37.942499,37.94156,False
IL-06,Illinois,IL,6,Sean Casten,D,196647,166116,86,362849,362849,8.416239,8.414244,False
IL-07,Illinois,IL,7,Danny K. Davis,D,222408,44598,146,267152,267152,66.594009,66.557615,False
IL-08,Illinois,IL,8,Raja Krishnamoorthi,D,172920,130153,0,303073,303073,14.111122,14.111122,False
IL-09,Illinois,IL,9,Janice D. Schakowsky,D,231722,107106,0,338828,338828,36.778543,36.778543,False
IL-10,Illinois,IL,10,Bradley Scott Schneider,D,196358,131025,238,327621,327621,19.956137,19.94164,False
IL-11,Illinois,IL,11,Bill Foster,D,199825,159630,229,359684,359684,11.182206,11.175087,False
IL-12,Illinois,IL,12,Mike Bost,R,94875,272754,0,367629,367629,-48.385465,-48.385465,False
IL-13,Illinois,IL,13,Nikki Budzinski,D,191339,137917,244,329500,329500,16.225065,16.21305,False
IL-14,Illinois,IL,14,Lauren Underwood,D,183446,149464,19,332929,332929,10.207564,10.206981,False
IL-15,Illinois,IL,15,Mary E. Miller,R,0,308825,1409,310234,310234,,,False
IL-16,Illinois,IL,16,Darin Lahood,R,0,310925,183,311108,311108,,,False
IL-17,Illinois,IL,17,Eric Sorensen,D,170261,142567,0,312828,312828,8.852788,8.852788,False
IN-01,Indiana,IN,1,Frank J. Mrvan,D,172467,145056,5200,322723,322723,8.63276,8.493662,False
IN-02,Indiana,IN,2,Rudy Yakym Iii,R,101962,184848,7808,294618,294618,-28.899271,-28.133379,False
IN-03,Indiana,IN,3,Marlin A. Stutzman,R,97871,202653,11015,311539,311539,-34.866433,-33.63367,False
IN-04,Indiana,IN,4,James R. Baird,R,100091,209794,13710,323595,323595,-35.401197,-33.901327,False
IN-05,Indiana,IN,5,Victoria Spartz,R,136554,203293,19357,359204,359204,-19.637955,-18.579693,False
IN-06,Indiana,IN,6,Jefferson Shreve,R,99841,201357,13711,314909,314909,-33.704075,-32.236614,False
IN-07,Indiana,IN,7,André Carson,D,185987,78792,7369,272148,272148,40.484706,39.388494,False
IN-08,Indiana,IN,8,Mark Messmer,R,95311,219941,8381,323633,323633,-39.533453,-38.50967,False
IN-09,Indiana,IN,9,Erin Houchin,R,113400,222884,9454,345738,345738,-32.557005,-31.666753,False
KS-01,Kansas,KS,1,Tracey Mann,R,93965,210493,0,304458,304458,-38.273916,-38.273916,False
KS-02,Kansas,KS,2,Derek Schmidt,R,115685,172847,14229,302761,302761,-19.811321,-18.880239,False
KS-03,Kansas,KS,3,Sharice Davids,D,209871,167570,15892,393333,393333,11.207315,10.754501,False
KS-04,Kansas,KS,4,Ron Estes,R,106632,198465,0,305097,305097,-30.099608,-30.099608,False
KY-01,Kentucky,KY,1,James Comer,R,85524,252729,0,338253,338253,-49.431934,-49.431934,False
KY-02,Kentucky,KY,2,Brett Guthrie,R,93029,252826,0,345855,345855,-46.203467,-46.203467,False
KY-03,Kentucky,KY,3,Morgan Mcgarvey,D,203100,124713,51,327864,327864,23.912108,23.908389,False
KY-04,Kentucky,KY,4,Thomas Massie,R,0,278386,1131,279517,279517,,,False
KY-05,Kentucky,KY,5,Harold Rogers,R,0,261407,0,261407,261407,,,False
KY-06,Kentucky,KY,6,Andy Barr,R,130345,222293,0,352638,352638,-26.074331,-26.074331,False
LA-01,Louisiana,LA,1,Steve Scalise,R,85911,265028,6781,357720,357720,-51.039354,-50.071844,True
LA-02,Louisiana,LA,2,Troy A. Carter,D,216491,88693,0,305184,305184,41.875721,41.875721,True
LA-03,Louisiana,LA,3,Clay Higgins,R,81157,239525,0,320682,320682,-49.384749,-49.384749,True
LA-04,Louisiana,LA,4,Mike Johnson,R,0,306248,0,306248,306248,,,True
LA-05,Louisiana,LA,5,Julia Letlow,R,82981,236870,0,319851,319851,-48.112715,-48.112715,True
LA-06,Louisiana,LA,6,Cleo Fields,D,184296,111737,0,296033,296033,24.510443,24.510443,True
MA-01,Massachusetts,MA,1,Richard E. Neal,D,223325,0,161680,385005,385005,,,False
MA-02,Massachusetts,MA,2,James P. Mcgovern,D,251441,0,137896,389337,389337,,,False
MA-03,Massachusetts,MA,3,Lori Trahan,D,264698,0,97980,362678,362678,,,False
MA-04,Massachusetts,MA,4,Jake Auchincloss,D,289347,0,122231,411578,411578,,,False
MA-05,Massachusetts,MA,5,Katherine M. Clark,D,286689,0,93012,379701,379701,,,False
MA-06,Massachusetts,MA,6,Seth Moulton,D,321186,0,117387,438573,438573,,,False
MA-07,Massachusetts,MA,7,Ayanna Pressley,D,232094,0,51100,283194,283194,,,False
MA-08,Massachusetts,MA,8,Stephen F. Lynch,D,265432,110638,21697,397767,397767,41.160954,38.915747,False
MA-09,Massachusetts,MA,9,William R. Keating,D,251931,193822,19344,465097,465097,13.036143,12.493953,False
MD-01,Maryland,MD,1,Andy Harris,R,154985,246356,13339,414680,414680,-22.766426,-22.034099,False
MD-02,Maryland,MD,2,"John \""Johnny O\"" Olszewski, Jr.",D,223797,152079,8918,384794,384794,19.080229,18.638025,False
MD-03,Maryland,MD,3,Sarah Elfreth,D,236681,151186,11333,399200,399200,22.04235,21.416583,False
MD-04,Maryland,MD,4,Glenn Ivey,D,239596,30454,920,270970,270970,77.445658,77.182714,False
MD-05,Maryland,MD,5,Steny H. Hoyer,D,283619,133985,999,418603,418603,35.831553,35.746041,False
MD-06,Maryland,MD,6,April Mcclain Delaney,D,199788,175974,862,376624,376624,6.337522,6.323017,False
MD-07,Maryland,MD,7,Kweisi Mfume,D,232849,49799,7489,290137,290137,64.762531,63.090885,False
MD-08,Maryland,MD,8,Jamie Raskin,D,292101,77821,10398,380320,380320,57.925725,56.342028,False
ME-01,Maine,ME,1,Chellie Pingree,D,249798,154849,20883,425530,425530,23.464649,22.313115,False
ME-02,Maine,ME,2,Jared F. Golden,D,197151,194445,0,402936,391596,0.691018,0.691018,False
MI-01,Michigan,MI,1,Jack Bergman,R,180937,282264,13983,477184,477184,-21.875385,-21.234367,False
MI-02,Michigan,MI,2,John R. Moolenaar,R,135824,279167,13559,428550,428550,-34.541231,-33.448372,False
MI-03,Michigan,MI,3,Hillary J. Scholten,D,225510,183952,10827,420289,420289,10.149416,9.887958,False
MI-04,Michigan,MI,4,Bill Huizenga,R,184641,234489,6687,425817,425817,-11.893207,-11.706437,False
MI-05,Michigan,MI,5,Tim Walberg,R,134282,269215,6379,409876,409876,-33.440893,-32.920444,False
MI-06,Michigan,MI,6,Debbie Dingell,D,281162,158658,13486,453306,453306,27.853213,27.024571,False
MI-07,Michigan,MI,7,Tom Barrett,R,209959,226722,14231,450912,450912,-3.838729,-3.717577,False
MI-08,Michigan,MI,8,Kristen Mcdonald Rivet,D,217490,189317,17543,424350,424350,6.925397,6.639095,False
MI-09,Michigan,MI,9,Lisa C. Mcclain,R,138138,312593,17507,468238,468238,-38.704904,-37.257762,False
MI-10,Michigan,MI,10,John James,R,191363,217437,16501,425301,425301,-6.37818,-6.130717,False
MI-11,Michigan,MI,11,Haley M. Stevens,D,260780,177432,9713,447925,447925,19.020018,18.607579,False
MI-12,Michigan,MI,12,Rashida Tlaib,D,253354,92490,17655,363499,363499,46.513457,44.254317,False
MI-13,Michigan,MI,13,Shri Thanedar,D,220788,78917,21944,321649,321649,47.336881,44.107397,False
MN-01,Minnesota,MN,1,Brad Finstad,R,156375,220929,297,377601,377601,-17.109281,-17.095823,False
MN-02,Minnesota,MN,2,Angie Craig,D,231751,175621,9947,417319,417319,13.778561,13.450142,False
MN-03,Minnesota,MN,3,Kelly Morrison,D,240209,170427,504,411140,411140,16.993639,16.972807,False
MN-04,Minnesota,MN,4,Betty Mccollum,D,242802,117618,623,361043,361043,34.732812,34.672878,False
MN-05,Minnesota,MN,5,Ilhan Omar,D,261066,86213,3768,351047,351047,50.349431,49.809,False
MN-06,Minnesota,MN,6,Tom Emmer,R,155836,260095,565,416496,416496,-25.066417,-25.032413,False
MN-07,Minnesota,MN,7,Michelle Fischbach,R,114979,275098,433,390510,390510,-41.048049,-41.002535,False
MN-08,Minnesota,MN,8,Pete Stauber,R,176724,244498,384,421606,421606,-16.089853,-16.075198,False
MO-01,Missouri,MO,1,Wesley Bell,D,233312,56453,17500,307265,307265,61.035322,57.55911,True
MO-02,Missouri,MO,2,Ann Wagner,R,182056,233444,12892,428392,428392,-12.36775,-11.995555,True
MO-03,Missouri,MO,3,Bob Onder,R,138532,240620,13311,392463,392463,-26.925349,-26.012134,True
MO-04,Missouri,MO,4,Mark Alford,R,96568,259886,9242,365696,365696,-45.817413,-44.659499,True
MO-05,Missouri,MO,5,Emanuel Cleaver,D,199900,120957,11072,331929,331929,24.603795,23.783098,True
MO-06,Missouri,MO,6,Sam Graves,R,100999,265210,8977,375186,375186,-44.840788,-43.767891,True
MO-07,Missouri,MO,7,Eric Burlison,R,96655,263231,7982,367868,367868,-46.285768,-45.28146,True
MO-08,Missouri,MO,8,Jason Smith,R,77649,271249,7166,356064,356064,-55.488997,-54.372248,True
MS-01,Mississippi,MS,1,Trent Kelly,R,96697,223589,0,320286,320286,-39.618341,-39.618341,False
MS-02,Mississippi,MS,2,Bennie G. Thompson,D,177885,108956,0,286841,286841,24.030386,24.030386,False
MS-03,Mississippi,MS,3,Michael Guest,R,0,265159,0,265159,265159,,,False
MS-04,Mississippi,MS,4,Mike Ezell,R,75771,215095,0,290866,290866,-47.89972,-47.89972,False
MT-01,Montana,MT,1,Ryan K. Zinke,R,143783,168529,9954,322266,322266,-7.923487,-7.67875,False
MT-02,Montana,MT,2,Troy Downing,R,93713,181832,0,275545,275545,-31.979894,-31.979894,False
NC-01,North Carolina,NC,1,Donald G. Davis,D,186341,180034,9949,376324,376324,1.72146,1.675949,True
NC-02,North Carolina,NC,2,Deborah K. Ross,D,268662,128164,8691,405517,405517,35.405442,34.646636,True
NC-03,North Carolina,NC,3,Gregory F. Murphy,R,0,248276,72565,320841,320841,,,True
NC-04,North Carolina,NC,4,Valerie P. Foushee,D,308064,112084,8632,428780,428780,46.645468,45.706423,True
NC-05,North Carolina,NC,5,Virginia Foxx,R,162390,238304,0,400694,400694,-18.945629,-18.945629,True
NC-06,North Carolina,NC,6,Addison Mcdowell,R,0,233303,104017,337320,337320,,,True
NC-07,North Carolina,NC,7,David Rouzer,R,179512,254022,0,433534,433534,-17.186657,-17.186657,True
NC-08,North Carolina,NC,8,Mark Harris,R,161709,238640,0,400349,400349,-19.215984,-19.215984,True
NC-09,North Carolina,NC,9,Richard Hudson,R,140852,210042,22183,373077,373077,-19.718205,-18.545769,True
NC-10,North Carolina,NC,10,Pat Harrigan,R,155383,233814,17498,406695,406695,-20.152005,-19.284968,True
NC-11,North Carolina,NC,11,Chuck Edwards,R,186977,245546,0,432523,432523,-13.541245,-13.541245,True
NC-12,North Carolina,NC,12,Alma S. Adams,D,259627,91128,0,350755,350755,48.038945,48.038945,True
NC-13,North Carolina,NC,13,Brad Knott,R,171835,243655,0,415490,415490,-17.285615,-17.285615,True
NC-14,North Carolina,NC,14,Tim Moore,R,168269,232987,0,401256,401256,-16.128855,-16.128855,True
ND-AL,North Dakota,ND,0,Julie Fedorchak,R,109231,249101,1455,359787,359787,-39.033634,-38.875779,False
NE-01,Nebraska,NE,1,Mike Flood,R,124498,187559,0,312057,312057,-20.208167,-20.208167,False
NE-02,Nebraska,NE,2,Don Bacon,R,154369,160198,0,314567,314567,-1.853023,-1.853023,False
NE-03,Nebraska,NE,3,Adrian Smith,R,59287,243481,0,302768,302768,-60.83668,-60.83668,False
NH-01,New Hampshire,NH,1,Chris Pappas,D,218577,185936,11973,416562,416486,8.069209,7.837238,False
NH-02,New Hampshire,NH,2,Maggie Goodlander,D,211641,187810,14915,414424,414366,5.965938,5.751196,False
NJ-01,New Jersey,NJ,1,Donald Norcross,D,208808,144390,7862,361060,361060,18.238495,17.841356,False
NJ-02,New Jersey,NJ,2,Jefferson Van Drew,R,153117,215946,2557,371620,371620,-17.023923,-16.906787,False
NJ-03,New Jersey,NJ,3,Herb Conaway,D,202034,169454,7996,379484,379484,8.770135,8.585342,False
NJ-04,New Jersey,NJ,4,Christopher H. Smith,R,124803,265652,3773,394228,394228,-36.073043,-35.727802,False
NJ-05,New Jersey,NJ,5,Josh Gottheimer,D,208359,165287,8243,381889,381889,11.527489,11.27867,False
NJ-06,New Jersey,NJ,6,"Frank Pallone, Jr.",D,170275,122519,10887,303681,303681,16.310444,15.725712,False
NJ-07,New Jersey,NJ,7,"Thomas H. Kean, Jr.",R,200025,223331,8042,431398,431398,-5.50506,-5.402436,False
NJ-08,New Jersey,NJ,8,Robert Menendez,D,116434,68152,12179,196765,196765,26.156913,24.537901,False
NJ-09,New Jersey,NJ,9,Nellie Pou,D,130514,117939,8560,257013,257013,5.061319,4.892749,False
NJ-10,New Jersey,NJ,10,Lamonica Mciver,D,182020,54405,8152,244577,244577,53.976948,52.177842,False
NJ-11,New Jersey,NJ,11,Mikie Sherrill,D,222583,164556,6612,393751,393751,14.988673,14.736978,False
NJ-12,New Jersey,NJ,12,Bonnie Watson Coleman,D,196871,117222,7567,321660,321660,25.358413,24.76186,False
NM-01,New Mexico,NM,1,Melanie A. Stansbury,D,193203,149546,0,342749,342749,12.737309,12.737309,False
NM-02,New Mexico,NM,2,Gabe Vasquez,D,138177,127145,0,265322,265322,4.157967,4.157967,False
NM-03,New Mexico,NM,3,Teresa Leger Fernandez,D,162342,126085,0,288427,288427,12.570598,12.570598,False
NV-01,Nevada,NV,1,Dina Titus,D,167885,143650,11364,322899,322899,7.779222,7.505443,False
NV-02,Nevada,NV,2,Mark E. Amodei,R,0,219919,179665,399584,399584,,,False
NV-03,Nevada,NV,3,Susie Lee,D,191304,181084,0,372388,372388,2.744449,2.744449,False
NV-04,Nevada,NV,4,Steven Horsford,D,174926,148061,9219,332206,332206,8.317672,8.08685,False
NY-01,New York,NY,1,Nick Lalota,R,183540,226285,275,410100,410100,-10.430062,-10.423068,False
NY-02,New York,NY,2,Andrew R. Garbarino,R,136371,202597,189,339157,339157,-19.537537,-19.52665,False
NY-03,New York,NY,3,Thomas R. Suozzi,D,187651,174693,780,363124,363124,3.57616,3.568478,False
NY-04,New York,NY,4,Laura A. Gillen,D,191760,183157,601,375518,375518,2.294641,2.290969,False
NY-05,New York,NY,5,Gregory W. Meeks,D,168425,62529,782,231736,231736,45.851555,45.696827,False
NY-06,New York,NY,6,Grace Meng,D,120205,74559,3926,198690,198690,23.436569,22.973476,False
NY-07,New York,NY,7,Nydia M. Velázquez,D,172795,48435,549,221779,221779,56.212991,56.073839,False
NY-08,New York,NY,8,Hakeem S. Jeffries,D,168036,54863,905,223804,223804,50.77322,50.567908,False
NY-09,New York,NY,9,Yvette D. Clarke,D,173207,60064,2501,235772,235772,48.502814,47.988311,False
NY-10,New York,NY,10,Daniel S. Goldman,D,206206,37555,10795,254556,254556,69.187032,66.253005,False
NY-11,New York,NY,11,Nicole Malliotakis,R,93586,167099,1043,261728,261728,-28.199935,-28.087557,False
NY-12,New York,NY,12,Jerrold Nadler,D,260165,62989,866,324020,324020,61.01611,60.853034,False
NY-13,New York,NY,13,Adriano Espaillat,D,181800,35822,1351,218973,218973,67.078696,66.66484,False
NY-14,New York,NY,14,Alexandria Ocasio-Cortez,D,132714,59078,759,192551,192551,38.393676,38.242336,False
NY-15,New York,NY,15,Ritchie Torres,D,130392,36010,4693,171095,171095,56.71927,55.163506,False
NY-16,New York,NY,16,George S. Latimer,D,217668,86408,1003,305079,305079,43.16684,43.024921,False
NY-17,New York,NY,17,Michael Lawler,R,173899,197845,7764,379508,379508,-6.44153,-6.309748,False
NY-18,New York,NY,18,Patrick Ryan,D,207106,155129,274,362509,362509,14.348972,14.338127,False
NY-19,New York,NY,19,Josh Riley,D,192647,184290,406,377343,377343,2.217081,2.214696,False
NY-20,New York,NY,20,Paul Tonko,D,221997,141151,297,363445,363445,22.262549,22.244356,False
NY-21,New York,NY,21,Elise M. Stefanik,R,132447,215996,197,348640,348640,-23.97781,-23.964261,False
NY-22,New York,NY,22,John W. Mannion,D,194450,161939,403,356792,356792,9.122335,9.112032,False
NY-23,New York,NY,23,Nicholas A. Langworthy,R,128397,246969,228,375594,375594,-31.58837,-31.569194,False
NY-24,New York,NY,24,Claudia Tenney,R,123317,235867,223,359407,359407,-31.334915,-31.315472,False
NY-25,New York,NY,25,Joseph D. Morelle,D,219175,141195,263,360633,360633,21.638871,21.623091,False
NY-26,New York,NY,26,Timothy M. Kennedy,D,209131,111772,401,321304,321304,30.339074,30.30121,False
OH-01,Ohio,OH,1,Greg Landsman,D,213916,177993,0,391909,391909,9.166158,9.166158,True
OH-02,Ohio,OH,2,David J. Taylor,R,96401,268211,4,364616,364616,-47.121323,-47.120807,True
OH-03,Ohio,OH,3,Joyce Beatty,D,242632,100355,0,342987,342987,41.481747,41.481747,True
OH-04,Ohio,OH,4,Jim Jordan,R,125905,273297,0,399202,399202,-36.921659,-36.921659,True
OH-05,Ohio,OH,5,Robert E. Latta,R,123024,255633,0,378657,378657,-35.020876,-35.020876,True
OH-06,Ohio,OH,6,Michael A. Rulli,R,122515,245860,0,368375,368375,-33.483543,-33.483543,True
OH-07,Ohio,OH,7,Max L. Miller,R,144613,204494,51264,400371,400371,-17.152621,-14.956378,True
OH-08,Ohio,OH,8,Warren Davidson,R,140625,237503,0,378128,378128,-25.620425,-25.620425,True
OH-09,Ohio,OH,9,Marcy Kaptur,D,181098,178716,15381,375195,375195,0.662009,0.63487,True
OH-10,Ohio,OH,10,Michael R. Turner,R,145420,213695,11631,370746,370746,-19.012016,-18.415573,True
OH-11,Ohio,OH,11,Shontel M. Brown,D,236883,59394,6136,302413,302413,59.906439,58.690929,True
OH-12,Ohio,OH,12,Troy Balderson,R,119738,260450,0,380188,380188,-37.011163,-37.011163,True
OH-13,Ohio,OH,13,Emilia Strong Sykes,D,197466,188924,0,386390,386390,2.21072,2.21072,True
OH-14,Ohio,OH,14,David P. Joyce,R,140431,243427,0,383858,383858,-26.831797,-26.831797,True
OH-15,Ohio,OH,15,Mike Carey,R,151411,196338,0,347749,347749,-12.919376,-12.919376,True
OK-01,Oklahoma,OK,1,Kevin Hern,R,107903,188832,15766,312501,312501,-27.273156,-25.897197,False
OK-02,Oklahoma,OK,2,Josh Brecheen,R,68841,238123,14061,321025,321025,-55.147183,-52.731719,False
OK-03,Oklahoma,OK,3,Frank D. Lucas,R,,,,,,,,False
OK-04,Oklahoma,OK,4,Tom Cole,R,86641,199962,19870,306473,306473,-39.539363,-36.975851,False
OK-05,Oklahoma,OK,5,Stephanie I. Bice,R,134471,207636,0,342107,342107,-21.386584,-21.386584,False
OR-01,Oregon,OR,1,Suzanne Bonamici,D,241556,98908,11527,351991,351991,41.898116,40.526036,False
OR-02,Oregon,OR,2,Cliff Bentz,R,115337,224601,11551,351489,351489,-32.142332,-31.086037,False
OR-03,Oregon,OR,3,Maxine E. Dexter,D,226405,84344,23620,334369,334369,45.715674,42.486295,False
OR-04,Oregon,OR,4,Val T. Hoyle,D,195862,166430,16473,378765,378765,8.123834,7.770517,False
OR-05,Oregon,OR,5,Janelle S. Bynum,D,191365,180420,29508,401293,401293,2.943906,2.727434,False
OR-06,Oregon,OR,6,Andrea Salinas,D,180869,157634,562,339065,339065,6.864046,6.852668,False
PA-01,Pennsylvania,PA,1,Brian K. Fitzpatrick,R,202042,261390,0,463432,463432,-12.806194,-12.806194,False
PA-02,Pennsylvania,PA,2,Brendan F. Boyle,D,193691,77355,0,271046,271046,42.921128,42.921128,False
PA-03,Pennsylvania,PA,3,Dwight Evans,D,340223,0,0,340223,340223,,,False
PA-04,Pennsylvania,PA,4,Madeleine Dean,D,269066,186457,0,455523,455523,18.134979,18.134979,False
PA-05,Pennsylvania,PA,5,Mary Gay Scanlon,D,267754,142355,0,410109,410109,30.576993,30.576993,False
PA-06,Pennsylvania,PA,6,Chrissy Houlahan,D,235625,183638,0,419263,419263,12.399616,12.399616,False
PA-07,Pennsylvania,PA,7,Ryan E. Mackenzie,R,199626,203688,0,403314,403314,-1.007156,-1.007156,False
PA-08,Pennsylvania,PA,8,"Rob Bresnahan, Jr.",R,189411,195663,0,385074,385074,-1.623584,-1.623584,False
PA-09,Pennsylvania,PA,9,Daniel Meuser,R,115523,276212,0,391735,391735,-41.019822,-41.019822,False
PA-10,Pennsylvania,PA,10,Scott Perry,R,200434,205567,0,406001,406001,-1.264283,-1.264283,False
PA-11,Pennsylvania,PA,11,Lloyd Smucker,R,149641,253672,0,403313,403313,-25.79411,-25.79411,False
PA-12,Pennsylvania,PA,12,Summer L. Lee,D,234802,181426,0,416228,416228,12.823741,12.823741,False
PA-13,Pennsylvania,PA,13,John Joyce,R,104823,301460,0,406283,406283,-48.399022,-48.399022,False
PA-14,Pennsylvania,PA,14,Guy Reschenthaler,R,134755,268380,0,403135,403135,-33.146465,-33.146465,False
PA-15,Pennsylvania,PA,15,Glenn Thompson,R,111408,279027,0,390435,390435,-42.931346,-42.931346,False
PA-16,Pennsylvania,PA,16,Mike Kelly,R,146709,256923,0,403632,403632,-27.305565,-27.305565,False
PA-17,Pennsylvania,PA,17,Christopher R. Deluzio,D,242838,207900,0,450738,450738,7.751288,7.751288,False
RI-01,Rhode Island,RI,1,Gabe Amo,D,139352,70742,11024,221118,221118,32.656811,31.028682,False
RI-02,Rhode Island,RI,2,Seth Magaziner,D,153439,109381,660,263480,263480,16.763564,16.721573,False
SC-01,South Carolina,SC,1,Nancy Mace,R,162582,227502,693,390777,390777,-16.642569,-16.613056,False
SC-02,South Carolina,SC,2,Joe Wilson,R,142985,211514,786,355285,355285,-19.331225,-19.288459,False
SC-03,South Carolina,SC,3,Sheri Biggs,R,87735,248451,10527,346713,346713,-47.805679,-46.354189,False
SC-04,South Carolina,SC,4,William R. Timmons Iv,R,128976,206916,10522,346414,346414,-23.203887,-22.499091,False
SC-05,South Carolina,SC,5,Ralph Norman,R,130592,228260,557,359409,359409,-27.216791,-27.174612,False
SC-06,South Carolina,SC,6,James E. Clyburn,D,182056,112360,11561,305977,305977,23.672626,22.778183,False
SC-07,South Carolina,SC,7,Russell Fry,R,129522,240326,481,370329,370329,-29.959335,-29.920422,False
SD-AL,South Dakota,SD,0,Dusty Johnson,R,117818,303630,0,421448,421448,-44.08895,-44.08895,False
TN-01,Tennessee,TN,1,Diana Harshbarger,R,64021,257825,8353,330199,330199,-60.216377,-58.693091,True
TN-02,Tennessee,TN,2,Tim Burchett,R,111316,250782,0,362098,362098,-38.516092,-38.516092,True
TN-03,Tennessee,TN,3,"Charles J. \""Chuck\"" Fleischmann",R,102841,236519,10968,350328,350328,-39.391207,-38.157955,True
TN-04,Tennessee,TN,4,Scott Desjarlais,R,83832,219133,10290,313255,313255,-44.658954,-43.191968,True
TN-05,Tennessee,TN,5,Andrew Ogles,R,142387,205075,13252,360714,360714,-18.041685,-17.378865,True
TN-06,Tennessee,TN,6,John W. Rose,R,106144,225543,0,331687,331687,-35.997492,-35.997492,True
TN-07,Tennessee,TN,7,Mark E. Green,R,122764,191992,7900,322656,322656,-21.99418,-21.455668,True
TN-08,Tennessee,TN,8,David Kustoff,R,85043,240411,6861,332315,332315,-47.738851,-46.753231,True
TN-09,Tennessee,TN,9,Steve Cohen,D,159522,57411,6770,223703,223703,47.070294,45.645789,True
TX-01,Texas,TX,1,Nathaniel Moran,R,0,258523,0,258523,258523,,,True
TX-02,Texas,TX,2,Dan Crenshaw,R,112252,214631,0,326883,326883,-31.319769,-31.319769,True
TX-03,Texas,TX,3,Keith Self,R,142953,237794,0,380747,380747,-24.909192,-24.909192,True
TX-04,Texas,TX,4,Pat Fallon,R,111696,241603,0,353299,353299,-36.769705,-36.769705,True
TX-05,Texas,TX,5,Lance Gooden,R,107712,192185,0,299897,299897,-28.167337,-28.167337,True
TX-06,Texas,TX,6,Jake Ellzey,R,98319,188119,0,286438,286438,-31.350589,-31.350589,True
TX-07,Texas,TX,7,Lizzie Fletcher,D,149820,94651,0,244471,244471,22.566685,22.566685,True
TX-08,Texas,TX,8,Morgan Luttrell,R,108754,233423,0,342177,342177,-36.434068,-36.434068,True
TX-09,Texas,TX,9,Al Green,D,184141,0,0,184141,184141,,,True
TX-10,Texas,TX,10,Michael T. Mccaul,R,118280,221229,8309,347818,347818,-30.322907,-29.598526,True
TX-11,Texas,TX,11,August Pfluger,R,0,211975,0,211975,211975,,,True
TX-12,Texas,TX,12,Craig Goldman,R,124154,215564,0,339718,339718,-26.907612,-26.907612,True
TX-13,Texas,TX,13,Ronny Jackson,R,0,240622,0,240622,240622,,,True
TX-14,Texas,TX,14,"Randy K. Weber, Sr.",R,95875,210320,0,306195,306195,-37.376508,-37.376508,True
TX-15,Texas,TX,15,Monica De La Cruz,R,95965,127804,0,223769,223769,-14.228512,-14.228512,True
TX-16,Texas,TX,16,Veronica Escobar,D,131391,89281,156,220828,220828,19.08262,19.06914,True
TX-17,Texas,TX,17,Pete Sessions,R,97941,193101,0,291042,291042,-32.696312,-32.696312,True
TX-18,Texas,TX,18,Sylvester Turner,D,151834,66810,76,218720,218720,38.886958,38.873446,True
TX-19,Texas,TX,19,Jodey C. Arrington,R,0,214950,51425,266375,266375,,,True
TX-20,Texas,TX,20,Joaquin Castro,D,157890,0,0,157890,157890,,,True
TX-21,Texas,TX,21,Chip Roy,R,153765,263744,8914,426423,426423,-26.341708,-25.791057,True
TX-22,Texas,TX,22,Troy E. Nehls,R,127604,209285,0,336889,336889,-24.245671,-24.245671,True
TX-23,Texas,TX,23,Tony Gonzales,R,109373,180720,0,290093,290093,-24.594527,-24.594527,True
TX-24,Texas,TX,24,Beth Van Duyne,R,149518,227108,0,376626,376626,-20.601339,-20.601339,True
TX-25,Texas,TX,25,Roger Williams,R,0,263042,1661,264703,264703,,,True
TX-26,Texas,TX,26,Brandon Gill,R,138558,241096,8773,388427,388427,-27.008276,-26.398268,True
TX-27,Texas,TX,27,Michael Cloud,R,94596,183980,0,278576,278576,-32.086038,-32.086038,True
TX-28,Texas,TX,28,Henry Cuellar,D,125280,112018,0,237298,237298,5.588753,5.588753,True
TX-29,Texas,TX,29,Sylvia R. Garcia,D,99379,52830,0,152209,152209,30.582291,30.582291,True
TX-30,Texas,TX,30,Jasmine Crockett,D,197650,0,35175,232825,232825,,,True
TX-31,Texas,TX,31,John R. Carter,R,126470,229087,0,355557,355557,-28.860914,-28.860914,True
TX-32,Texas,TX,32,Julie Johnson,D,140536,85941,5987,232464,232464,24.106201,23.485357,True
TX-33,Texas,TX,33,Marc A. Veasey,D,114289,51864,0,166153,166153,37.570793,37.570793,True
TX-34,Texas,TX,34,Vicente Gonzalez,D,102780,97603,0,200383,200383,2.583552,2.583552,True
TX-35,Texas,TX,35,Greg Casar,D,170509,82610,0,253119,253119,34.726354,34.726354,True
TX-36,Texas,TX,36,Brian Babin,R,91009,206009,0,297018,297018,-38.718192,-38.718192,True
TX-37,Texas,TX,37,Lloyd Doggett,D,252980,80366,7511,340857,340857,51.782232,50.641178,True
TX-38,Texas,TX,38,Wesley Hunt,R,127640,215030,94,342764,342764,-25.50267,-25.495676,True
UT-01,Utah,UT,1,Blake D. Moore,R,117319,230975,17601,365895,365895,-32.632202,-31.062463,True
UT-02,Utah,UT,2,Celeste Maloy,R,121114,205234,27490,353838,353838,-25.776165,-23.773591,True
UT-03,Utah,UT,3,Mike Kennedy,R,122780,242496,0,365276,365276,-32.774121,-32.774121,True
UT-04,Utah,UT,4,Burgess Owens,R,109838,230627,23203,363668,363668,-35.477656,-33.214085,True
VA-01,Virginia,VA,1,Robert J. Wittman,R,208445,269657,804,478906,478906,-12.803126,-12.781631,False
VA-02,Virginia,VA,2,Jennifer A. Kiggans,R,191666,207368,9668,408702,408702,-3.935003,-3.841919,False
VA-03,Virginia,VA,3,"Robert C. \""Bobby\"" Scott",D,219926,93801,670,314397,314397,40.20215,40.116477,False
VA-04,Virginia,VA,4,Jennifer L. Mcclellan,D,252885,121814,809,375508,375508,34.980344,34.904982,False
VA-05,Virginia,VA,5,John J. Mcguire Iii,R,184229,249564,2046,435839,435839,-15.061331,-14.990627,False
VA-06,Virginia,VA,6,Ben Cline,R,141612,256933,8490,407035,407035,-28.935503,-28.331962,False
VA-07,Virginia,VA,7,Eugene S. Vindman,D,203336,192847,1116,397299,397299,2.647514,2.640077,False
VA-08,Virginia,VA,8,"Donald S. Beyer, Jr.",D,274593,94676,14646,383915,383915,48.722476,46.863759,False
VA-09,Virginia,VA,9,H. Morgan Griffith,R,109570,290645,748,400963,400963,-45.244431,-45.160027,False
VA-10,Virginia,VA,10,Suhas Subramanyam,D,215131,196343,1538,413012,413012,4.566024,4.54902,False
VA-11,Virginia,VA,11,Gerald E. Connolly,D,273529,134802,1855,410186,410186,33.974153,33.820511,False
VT-AL,Vermont,VT,0,Becca Balint,D,218398,104451,27767,372885,350616,35.294209,32.499087,False
WA-01,Washington,WA,1,Suzan K. Delbene,D,227213,132538,907,360658,360658,26.316814,26.250631,False
WA-02,Washington,WA,2,Rick Larsen,D,263750,148167,1303,413220,413220,28.059779,27.971299,False
WA-03,Washington,WA,3,Marie Gluesenkamp Perez,D,215177,199054,1673,415904,415904,3.892273,3.876616,False
WA-04,Washington,WA,4,Dan Newhouse,R,0,289652,5400,295052,295052,,,False
WA-05,Washington,WA,5,Michael Baumgartner,R,156074,240619,593,397286,397286,-21.312451,-21.280639,False
WA-06,Washington,WA,6,Emily Randall,D,239687,182182,753,422622,422622,13.631009,13.606722,False
WA-07,Washington,WA,7,Pramila Jayapal,D,352286,66220,1313,419819,419819,68.354098,68.140318,False
WA-08,Washington,WA,8,Kim Schrier,D,224607,190675,995,416277,416277,8.170833,8.151303,False
WA-09,Washington,WA,9,Adam Smith,D,273381,0,5917,279298,279298,,,False
WA-10,Washington,WA,10,Marilyn Strickland,D,203732,143492,820,348044,348044,17.349031,17.308156,False
WI-01,Wisconsin,WI,1,Bryan Steil,R,172402,212515,8576,393493,393493,-10.421208,-10.194082,False
WI-02,Wisconsin,WI,2,Mark Pocan,D,320317,136357,583,457257,457257,40.282565,40.231205,False
WI-03,Wisconsin,WI,3,Derrick Van Orden,R,200808,212064,309,413181,413181,-2.726269,-2.72423,False
WI-04,Wisconsin,WI,4,Gwen Moore,D,249938,74921,9423,334282,334282,53.874758,52.356095,False
WI-05,Wisconsin,WI,5,Scott Fitzgerald,R,165653,300521,508,466682,466682,-28.930828,-28.899336,False
WI-06,Wisconsin,WI,6,Glenn Grothman,R,159042,251889,418,411349,411349,-22.594304,-22.571345,False
WI-07,Wisconsin,WI,7,Thomas P. Tiffany,R,156524,273553,307,430384,430384,-27.211174,-27.191764,False
WI-08,Wisconsin,WI,8,Tony Wied,R,178666,240040,272,418978,418978,-14.658018,-14.648502,False
WV-01,West Virginia,WV,1,Carol D. Miller,R,90038,228491,25790,344319,344319,-43.466372,-40.210677,False
WV-02,West Virginia,WV,2,Riley Moore,R,110775,268190,0,378965,378965,-41.538137,-41.538137,False
WY-AL,Wyoming,WY,0,Harriet M. Hageman,R,60778,184680,24089,271123,269547,-50.477882,-45.966752,False
